456556,L,Oxford,Img,MS,HEB,b,1,3,L1F0B0S2.xml
456562,L,Oxford,Img,MS,HEB,b,1,2,L1F0B0S2.xml
456577,L,Oxford,Img,MS,HEB,b,1,2,L1F0B0S1.xml
456583,L,Oxford,Img,MS,HEB,b,1,3,L1F0B0S1.xml
456593,L,Oxford,Img,MS,HEB,b,10,17,L1F0B0S2.xml
456611,L,Oxford,Img,MS,HEB,b,10,2,L1F0B0S2.xml
456612,L,Oxford,Img,MS,HEB,b,10,19,L1F0B0S1.xml
456613,L,Oxford,Img,MS,HEB,b,10,52,L1F0B0S1.xml
456618,L,Oxford,Img,MS,HEB,b,10,46,L1F0B0S1.xml
456621,L,Oxford,Img,MS,HEB,b,10,4,L1F0B0S1.xml
456623,L,Oxford,Img,MS,HEB,b,10,20,L1F0B0S1.xml
456625,L,Oxford,Img,MS,HEB,b,10,48,L1F0B0S2.xml
456633,L,Oxford,Img,MS,HEB,b,10,61,L1F0B0S2.xml
456637,L,Oxford,Img,MS,HEB,b,10,47,L1F0B0S1.xml
456639,L,Oxford,Img,MS,HEB,b,10,5,L1F0B0S1.xml
456642,L,Oxford,Img,MS,HEB,b,10,21,L1F0B0S1.xml
456648,L,Oxford,Img,MS,HEB,b,10,1,L1F0B0S1.xml
456662,L,Oxford,Img,MS,HEB,b,10,45,L1F0B0S2.xml
456671,L,Oxford,Img,MS,HEB,b,10,62,L1F0B0S1.xml
456674,L,Oxford,Img,MS,HEB,b,10,53,L1F0B0S1.xml
456675,L,Oxford,Img,MS,HEB,b,10,18,L1F0B0S1.xml
456676,L,Oxford,Img,MS,HEB,b,10,3,L1F0B0S2.xml
456682,L,Oxford,Img,MS,HEB,b,10,45,L1F0B0S1.xml
456694,L,Oxford,Img,MS,HEB,b,10,53,L1F0B0S2.xml
456695,L,Oxford,Img,MS,HEB,b,10,18,L1F0B0S2.xml
456696,L,Oxford,Img,MS,HEB,b,10,3,L1F0B0S1.xml
456698,L,Oxford,Img,MS,HEB,b,10,62,L1F0B0S2.xml
456703,L,Oxford,Img,MS,HEB,b,10,5,L1F0B0S2.xml
456706,L,Oxford,Img,MS,HEB,b,10,47,L1F0B0S2.xml
456711,L,Oxford,Img,MS,HEB,b,10,21,L1F0B0S2.xml
456716,L,Oxford,Img,MS,HEB,b,10,1,L1F0B0S2.xml
456725,L,Oxford,Img,MS,HEB,b,10,4,L1F0B0S2.xml
456727,L,Oxford,Img,MS,HEB,b,10,46,L1F0B0S2.xml
456732,L,Oxford,Img,MS,HEB,b,10,20,L1F0B0S2.xml
456734,L,Oxford,Img,MS,HEB,b,10,48,L1F0B0S1.xml
456736,L,Oxford,Img,MS,HEB,b,10,61,L1F0B0S1.xml
456740,L,Oxford,Img,MS,HEB,b,10,17,L1F0B0S1.xml
456757,L,Oxford,Img,MS,HEB,b,10,2,L1F0B0S1.xml
456758,L,Oxford,Img,MS,HEB,b,10,19,L1F0B0S2.xml
456759,L,Oxford,Img,MS,HEB,b,10,52,L1F0B0S2.xml
456922,L,Oxford,Img,MS,HEB,b,13,2,L1F0B0S1.xml
456936,L,Oxford,Img,MS,HEB,b,13,3,L1F0B0S1.xml
456951,L,Oxford,Img,MS,HEB,b,13,1,L1F0B0S2.xml
456961,L,Oxford,Img,MS,HEB,b,13,1,L1F0B0S1.xml
456978,L,Oxford,Img,MS,HEB,b,13,3,L1F0B0S2.xml
456994,L,Oxford,Img,MS,HEB,b,13,2,L1F0B0S2.xml
457803,L,Oxford,Img,MS,HEB,c,10,2,L1F0B0S2.xml
457810,L,Oxford,Img,MS,HEB,c,10,2,L1F0B0S1.xml
458077,L,Oxford,Img,MS,HEB,c,16,2,L1F0B0S1.xml
458078,L,Oxford,Img,MS,HEB,c,16,2,L1F0B0S2.xml
458141,L,Oxford,Img,MS,HEB,c,17,45,L1F0B0S1.xml
458143,L,Oxford,Img,MS,HEB,c,17,4,L1F0B0S1.xml
458146,L,Oxford,Img,MS,HEB,c,17,35,L1F0B0S2.xml
458147,L,Oxford,Img,MS,HEB,c,17,97,L1F0B0S2.xml
458148,L,Oxford,Img,MS,HEB,c,17,16,L1F0B0S1.xml
458149,L,Oxford,Img,MS,HEB,c,17,27,L1F0B0S1.xml
458151,L,Oxford,Img,MS,HEB,c,17,99,L1F0B0S1.xml
458152,L,Oxford,Img,MS,HEB,c,17,18,L1F0B0S2.xml
458155,L,Oxford,Img,MS,HEB,c,17,41,L1F0B0S1.xml
458157,L,Oxford,Img,MS,HEB,c,17,29,L1F0B0S2.xml
458158,L,Oxford,Img,MS,HEB,c,17,23,L1F0B0S1.xml
458159,L,Oxford,Img,MS,HEB,c,17,68,L1F0B0S1.xml
458161,L,Oxford,Img,MS,HEB,c,17,101,L1F0B0S2.xml
458162,L,Oxford,Img,MS,HEB,c,17,31,L1F0B0S2.xml
458164,L,Oxford,Img,MS,HEB,c,17,12,L1F0B0S1.xml
458165,L,Oxford,Img,MS,HEB,c,17,93,L1F0B0S2.xml
458168,L,Oxford,Img,MS,HEB,c,17,6,L1F0B0S2.xml
458171,L,Oxford,Img,MS,HEB,c,17,87,L1F0B0S2.xml
458172,L,Oxford,Img,MS,HEB,c,17,25,L1F0B0S2.xml
458173,L,Oxford,Img,MS,HEB,c,17,14,L1F0B0S2.xml
458174,L,Oxford,Img,MS,HEB,c,17,95,L1F0B0S1.xml
458175,L,Oxford,Img,MS,HEB,c,17,37,L1F0B0S1.xml
458177,L,Oxford,Img,MS,HEB,c,17,43,L1F0B0S2.xml
458178,L,Oxford,Img,MS,HEB,c,17,89,L1F0B0S1.xml
458179,L,Oxford,Img,MS,HEB,c,17,39,L1F0B0S2.xml
458182,L,Oxford,Img,MS,HEB,c,17,2,L1F0B0S2.xml
458183,L,Oxford,Img,MS,HEB,c,17,91,L1F0B0S1.xml
458184,L,Oxford,Img,MS,HEB,c,17,10,L1F0B0S2.xml
458185,L,Oxford,Img,MS,HEB,c,17,8,L1F0B0S1.xml
458187,L,Oxford,Img,MS,HEB,c,17,33,L1F0B0S1.xml
458188,L,Oxford,Img,MS,HEB,c,17,103,L1F0B0S1.xml
458191,L,Oxford,Img,MS,HEB,c,17,21,L1F0B0S2.xml
458193,L,Oxford,Img,MS,HEB,c,17,7,L1F0B0S2.xml
458197,L,Oxford,Img,MS,HEB,c,17,86,L1F0B0S2.xml
458198,L,Oxford,Img,MS,HEB,c,17,24,L1F0B0S2.xml
458199,L,Oxford,Img,MS,HEB,c,17,15,L1F0B0S2.xml
458200,L,Oxford,Img,MS,HEB,c,17,94,L1F0B0S1.xml
458201,L,Oxford,Img,MS,HEB,c,17,36,L1F0B0S1.xml
458203,L,Oxford,Img,MS,HEB,c,17,88,L1F0B0S1.xml
458204,L,Oxford,Img,MS,HEB,c,17,42,L1F0B0S2.xml
458206,L,Oxford,Img,MS,HEB,c,17,38,L1F0B0S2.xml
458207,L,Oxford,Img,MS,HEB,c,17,3,L1F0B0S2.xml
458209,L,Oxford,Img,MS,HEB,c,17,9,L1F0B0S1.xml
458210,L,Oxford,Img,MS,HEB,c,17,90,L1F0B0S1.xml
458211,L,Oxford,Img,MS,HEB,c,17,11,L1F0B0S2.xml
458212,L,Oxford,Img,MS,HEB,c,17,32,L1F0B0S1.xml
458216,L,Oxford,Img,MS,HEB,c,17,102,L1F0B0S1.xml
458217,L,Oxford,Img,MS,HEB,c,17,20,L1F0B0S2.xml
458218,L,Oxford,Img,MS,HEB,c,17,44,L1F0B0S1.xml
458219,L,Oxford,Img,MS,HEB,c,17,67,L1F0B0S2.xml
458221,L,Oxford,Img,MS,HEB,c,17,5,L1F0B0S1.xml
458223,L,Oxford,Img,MS,HEB,c,17,34,L1F0B0S2.xml
458224,L,Oxford,Img,MS,HEB,c,17,96,L1F0B0S2.xml
458225,L,Oxford,Img,MS,HEB,c,17,17,L1F0B0S1.xml
458226,L,Oxford,Img,MS,HEB,c,17,26,L1F0B0S1.xml
458230,L,Oxford,Img,MS,HEB,c,17,98,L1F0B0S1.xml
458231,L,Oxford,Img,MS,HEB,c,17,19,L1F0B0S2.xml
458232,L,Oxford,Img,MS,HEB,c,17,1,L1F0B0S1.xml
458234,L,Oxford,Img,MS,HEB,c,17,40,L1F0B0S1.xml
458235,L,Oxford,Img,MS,HEB,c,17,28,L1F0B0S2.xml
458238,L,Oxford,Img,MS,HEB,c,17,22,L1F0B0S1.xml
458239,L,Oxford,Img,MS,HEB,c,17,100,L1F0B0S2.xml
458241,L,Oxford,Img,MS,HEB,c,17,30,L1F0B0S2.xml
458242,L,Oxford,Img,MS,HEB,c,17,13,L1F0B0S1.xml
458243,L,Oxford,Img,MS,HEB,c,17,92,L1F0B0S2.xml
458246,L,Oxford,Img,MS,HEB,c,17,5,L1F0B0S2.xml
458248,L,Oxford,Img,MS,HEB,c,17,44,L1F0B0S2.xml
458249,L,Oxford,Img,MS,HEB,c,17,67,L1F0B0S1.xml
458250,L,Oxford,Img,MS,HEB,c,17,26,L1F0B0S2.xml
458253,L,Oxford,Img,MS,HEB,c,17,34,L1F0B0S1.xml
458254,L,Oxford,Img,MS,HEB,c,17,17,L1F0B0S2.xml
458255,L,Oxford,Img,MS,HEB,c,17,96,L1F0B0S1.xml
458256,L,Oxford,Img,MS,HEB,c,17,40,L1F0B0S2.xml
458257,L,Oxford,Img,MS,HEB,c,17,28,L1F0B0S1.xml
458260,L,Oxford,Img,MS,HEB,c,17,19,L1F0B0S1.xml
458261,L,Oxford,Img,MS,HEB,c,17,98,L1F0B0S2.xml
458262,L,Oxford,Img,MS,HEB,c,17,1,L1F0B0S2.xml
458264,L,Oxford,Img,MS,HEB,c,17,30,L1F0B0S1.xml
458265,L,Oxford,Img,MS,HEB,c,17,92,L1F0B0S1.xml
458266,L,Oxford,Img,MS,HEB,c,17,13,L1F0B0S2.xml
458269,L,Oxford,Img,MS,HEB,c,17,22,L1F0B0S2.xml
458270,L,Oxford,Img,MS,HEB,c,17,100,L1F0B0S1.xml
458275,L,Oxford,Img,MS,HEB,c,17,7,L1F0B0S1.xml
458277,L,Oxford,Img,MS,HEB,c,17,94,L1F0B0S2.xml
458278,L,Oxford,Img,MS,HEB,c,17,15,L1F0B0S1.xml
458279,L,Oxford,Img,MS,HEB,c,17,36,L1F0B0S2.xml
458280,L,Oxford,Img,MS,HEB,c,17,86,L1F0B0S1.xml
458281,L,Oxford,Img,MS,HEB,c,17,24,L1F0B0S1.xml
458283,L,Oxford,Img,MS,HEB,c,17,38,L1F0B0S1.xml
458284,L,Oxford,Img,MS,HEB,c,17,3,L1F0B0S1.xml
458287,L,Oxford,Img,MS,HEB,c,17,88,L1F0B0S2.xml
458288,L,Oxford,Img,MS,HEB,c,17,42,L1F0B0S1.xml
458291,L,Oxford,Img,MS,HEB,c,17,102,L1F0B0S2.xml
458292,L,Oxford,Img,MS,HEB,c,17,20,L1F0B0S1.xml
458293,L,Oxford,Img,MS,HEB,c,17,9,L1F0B0S2.xml
458294,L,Oxford,Img,MS,HEB,c,17,11,L1F0B0S1.xml
458295,L,Oxford,Img,MS,HEB,c,17,90,L1F0B0S2.xml
458296,L,Oxford,Img,MS,HEB,c,17,32,L1F0B0S2.xml
458302,L,Oxford,Img,MS,HEB,c,17,6,L1F0B0S1.xml
458303,L,Oxford,Img,MS,HEB,c,17,95,L1F0B0S2.xml
458304,L,Oxford,Img,MS,HEB,c,17,14,L1F0B0S1.xml
458305,L,Oxford,Img,MS,HEB,c,17,37,L1F0B0S2.xml
458306,L,Oxford,Img,MS,HEB,c,17,87,L1F0B0S1.xml
458307,L,Oxford,Img,MS,HEB,c,17,25,L1F0B0S1.xml
458308,L,Oxford,Img,MS,HEB,c,17,39,L1F0B0S1.xml
458311,L,Oxford,Img,MS,HEB,c,17,2,L1F0B0S1.xml
458313,L,Oxford,Img,MS,HEB,c,17,43,L1F0B0S1.xml
458314,L,Oxford,Img,MS,HEB,c,17,89,L1F0B0S2.xml
458315,L,Oxford,Img,MS,HEB,c,17,103,L1F0B0S2.xml
458318,L,Oxford,Img,MS,HEB,c,17,21,L1F0B0S1.xml
458319,L,Oxford,Img,MS,HEB,c,17,10,L1F0B0S1.xml
458320,L,Oxford,Img,MS,HEB,c,17,91,L1F0B0S2.xml
458321,L,Oxford,Img,MS,HEB,c,17,8,L1F0B0S2.xml
458323,L,Oxford,Img,MS,HEB,c,17,33,L1F0B0S2.xml
458324,L,Oxford,Img,MS,HEB,c,17,4,L1F0B0S2.xml
458327,L,Oxford,Img,MS,HEB,c,17,45,L1F0B0S2.xml
458329,L,Oxford,Img,MS,HEB,c,17,27,L1F0B0S2.xml
458331,L,Oxford,Img,MS,HEB,c,17,35,L1F0B0S1.xml
458332,L,Oxford,Img,MS,HEB,c,17,16,L1F0B0S2.xml
458333,L,Oxford,Img,MS,HEB,c,17,97,L1F0B0S1.xml
458334,L,Oxford,Img,MS,HEB,c,17,41,L1F0B0S2.xml
458336,L,Oxford,Img,MS,HEB,c,17,29,L1F0B0S1.xml
458337,L,Oxford,Img,MS,HEB,c,17,18,L1F0B0S1.xml
458338,L,Oxford,Img,MS,HEB,c,17,99,L1F0B0S2.xml
458341,L,Oxford,Img,MS,HEB,c,17,31,L1F0B0S1.xml
458343,L,Oxford,Img,MS,HEB,c,17,93,L1F0B0S1.xml
458344,L,Oxford,Img,MS,HEB,c,17,12,L1F0B0S2.xml
458345,L,Oxford,Img,MS,HEB,c,17,23,L1F0B0S2.xml
458346,L,Oxford,Img,MS,HEB,c,17,68,L1F0B0S2.xml
458348,L,Oxford,Img,MS,HEB,c,17,101,L1F0B0S1.xml
458862,L,Oxford,Img,MS,HEB,c,21,10,L1F0B0S2.xml
458865,L,Oxford,Img,MS,HEB,c,21,4,L1F0B0S2.xml
458866,L,Oxford,Img,MS,HEB,c,21,14,L1F0B0S2.xml
458870,L,Oxford,Img,MS,HEB,c,21,12,L1F0B0S1.xml
458873,L,Oxford,Img,MS,HEB,c,21,6,L1F0B0S1.xml
458877,L,Oxford,Img,MS,HEB,c,21,8,L1F0B0S2.xml
458880,L,Oxford,Img,MS,HEB,c,21,2,L1F0B0S1.xml
458882,L,Oxford,Img,MS,HEB,c,21,13,L1F0B0S1.xml
458884,L,Oxford,Img,MS,HEB,c,21,7,L1F0B0S1.xml
458889,L,Oxford,Img,MS,HEB,c,21,9,L1F0B0S2.xml
458892,L,Oxford,Img,MS,HEB,c,21,3,L1F0B0S1.xml
458894,L,Oxford,Img,MS,HEB,c,21,11,L1F0B0S2.xml
458897,L,Oxford,Img,MS,HEB,c,21,5,L1F0B0S2.xml
458899,L,Oxford,Img,MS,HEB,c,21,15,L1F0B0S2.xml
458902,L,Oxford,Img,MS,HEB,c,21,1,L1F0B0S2.xml
458903,L,Oxford,Img,MS,HEB,c,21,11,L1F0B0S1.xml
458906,L,Oxford,Img,MS,HEB,c,21,5,L1F0B0S1.xml
458910,L,Oxford,Img,MS,HEB,c,21,15,L1F0B0S1.xml
458912,L,Oxford,Img,MS,HEB,c,21,1,L1F0B0S1.xml
458915,L,Oxford,Img,MS,HEB,c,21,13,L1F0B0S2.xml
458917,L,Oxford,Img,MS,HEB,c,21,7,L1F0B0S2.xml
458923,L,Oxford,Img,MS,HEB,c,21,9,L1F0B0S1.xml
458924,L,Oxford,Img,MS,HEB,c,21,3,L1F0B0S2.xml
458927,L,Oxford,Img,MS,HEB,c,21,12,L1F0B0S2.xml
458930,L,Oxford,Img,MS,HEB,c,21,6,L1F0B0S2.xml
458935,L,Oxford,Img,MS,HEB,c,21,8,L1F0B0S1.xml
458936,L,Oxford,Img,MS,HEB,c,21,2,L1F0B0S2.xml
458937,L,Oxford,Img,MS,HEB,c,21,10,L1F0B0S1.xml
458940,L,Oxford,Img,MS,HEB,c,21,4,L1F0B0S1.xml
458943,L,Oxford,Img,MS,HEB,c,21,14,L1F0B0S1.xml
458946,L,Oxford,Img,MS,HEB,c,23,1,L1F0B0S1.xml
458954,L,Oxford,Img,MS,HEB,c,23,5,L1F0B0S1.xml
458961,L,Oxford,Img,MS,HEB,c,23,3,L1F0B0S2.xml
458967,L,Oxford,Img,MS,HEB,c,23,7,L1F0B0S2.xml
458976,L,Oxford,Img,MS,HEB,c,23,2,L1F0B0S2.xml
458979,L,Oxford,Img,MS,HEB,c,23,8,L1F0B0S1.xml
458982,L,Oxford,Img,MS,HEB,c,23,6,L1F0B0S2.xml
458998,L,Oxford,Img,MS,HEB,c,23,4,L1F0B0S1.xml
459009,L,Oxford,Img,MS,HEB,c,23,4,L1F0B0S2.xml
459016,L,Oxford,Img,MS,HEB,c,23,2,L1F0B0S1.xml
459022,L,Oxford,Img,MS,HEB,c,23,8,L1F0B0S2.xml
459025,L,Oxford,Img,MS,HEB,c,23,6,L1F0B0S1.xml
459031,L,Oxford,Img,MS,HEB,c,23,3,L1F0B0S1.xml
459040,L,Oxford,Img,MS,HEB,c,23,7,L1F0B0S1.xml
459048,L,Oxford,Img,MS,HEB,c,23,1,L1F0B0S2.xml
459053,L,Oxford,Img,MS,HEB,c,23,5,L1F0B0S2.xml
459151,L,Oxford,Img,MS,HEB,c,27,2,L1F0B0S2.xml
459193,L,Oxford,Img,MS,HEB,c,27,1,L1F0B0S1.xml
459197,L,Oxford,Img,MS,HEB,c,27,27,L1F0B0S2.xml
459222,L,Oxford,Img,MS,HEB,c,27,3,L1F0B0S2.xml
459245,L,Oxford,Img,MS,HEB,c,27,3,L1F0B0S1.xml
459267,L,Oxford,Img,MS,HEB,c,27,27,L1F0B0S1.xml
459269,L,Oxford,Img,MS,HEB,c,27,1,L1F0B0S2.xml
459318,L,Oxford,Img,MS,HEB,c,27,2,L1F0B0S1.xml
459890,L,Oxford,Img,MS,HEB,c,8,7,L1F0B0S2.xml
459891,L,Oxford,Img,MS,HEB,c,8,3,L1F0B0S2.xml
459892,L,Oxford,Img,MS,HEB,c,8,5,L1F0B0S1.xml
459893,L,Oxford,Img,MS,HEB,c,8,1,L1F0B0S1.xml
459894,L,Oxford,Img,MS,HEB,c,8,4,L1F0B0S1.xml
459895,L,Oxford,Img,MS,HEB,c,8,6,L1F0B0S2.xml
459896,L,Oxford,Img,MS,HEB,c,8,2,L1F0B0S2.xml
459897,L,Oxford,Img,MS,HEB,c,8,6,L1F0B0S1.xml
459898,L,Oxford,Img,MS,HEB,c,8,2,L1F0B0S1.xml
459899,L,Oxford,Img,MS,HEB,c,8,4,L1F0B0S2.xml
459900,L,Oxford,Img,MS,HEB,c,8,5,L1F0B0S2.xml
459901,L,Oxford,Img,MS,HEB,c,8,1,L1F0B0S2.xml
459902,L,Oxford,Img,MS,HEB,c,8,7,L1F0B0S1.xml
459903,L,Oxford,Img,MS,HEB,c,8,3,L1F0B0S1.xml
459930,L,Oxford,Img,MS,HEB,d,19,10,L1F0B0S2.xml
459931,L,Oxford,Img,MS,HEB,d,19,1,L1F0B0S2.xml
459932,L,Oxford,Img,MS,HEB,d,19,14,L1F0B0S2.xml
459933,L,Oxford,Img,MS,HEB,d,19,5,L1F0B0S2.xml
459935,L,Oxford,Img,MS,HEB,d,19,9,L1F0B0S2.xml
459936,L,Oxford,Img,MS,HEB,d,19,3,L1F0B0S1.xml
459937,L,Oxford,Img,MS,HEB,d,19,18,L1F0B0S2.xml
459938,L,Oxford,Img,MS,HEB,d,19,16,L1F0B0S1.xml
459939,L,Oxford,Img,MS,HEB,d,19,7,L1F0B0S1.xml
459941,L,Oxford,Img,MS,HEB,d,19,8,L1F0B0S2.xml
459942,L,Oxford,Img,MS,HEB,d,19,2,L1F0B0S1.xml
459943,L,Oxford,Img,MS,HEB,d,19,17,L1F0B0S1.xml
459944,L,Oxford,Img,MS,HEB,d,19,6,L1F0B0S1.xml
459945,L,Oxford,Img,MS,HEB,d,19,11,L1F0B0S2.xml
459946,L,Oxford,Img,MS,HEB,d,19,15,L1F0B0S2.xml
459947,L,Oxford,Img,MS,HEB,d,19,4,L1F0B0S2.xml
459948,L,Oxford,Img,MS,HEB,d,19,11,L1F0B0S1.xml
459949,L,Oxford,Img,MS,HEB,d,19,15,L1F0B0S1.xml
459950,L,Oxford,Img,MS,HEB,d,19,4,L1F0B0S1.xml
459951,L,Oxford,Img,MS,HEB,d,19,8,L1F0B0S1.xml
459953,L,Oxford,Img,MS,HEB,d,19,2,L1F0B0S2.xml
459954,L,Oxford,Img,MS,HEB,d,19,17,L1F0B0S2.xml
459955,L,Oxford,Img,MS,HEB,d,19,6,L1F0B0S2.xml
459956,L,Oxford,Img,MS,HEB,d,19,9,L1F0B0S1.xml
459958,L,Oxford,Img,MS,HEB,d,19,18,L1F0B0S1.xml
459959,L,Oxford,Img,MS,HEB,d,19,3,L1F0B0S2.xml
459960,L,Oxford,Img,MS,HEB,d,19,16,L1F0B0S2.xml
459961,L,Oxford,Img,MS,HEB,d,19,7,L1F0B0S2.xml
459962,L,Oxford,Img,MS,HEB,d,19,10,L1F0B0S1.xml
459963,L,Oxford,Img,MS,HEB,d,19,1,L1F0B0S1.xml
459964,L,Oxford,Img,MS,HEB,d,19,14,L1F0B0S1.xml
459965,L,Oxford,Img,MS,HEB,d,19,5,L1F0B0S1.xml
459966,L,Oxford,Img,MS,HEB,d,20,8,L1F0B0S1.xml
459967,L,Oxford,Img,MS,HEB,d,20,20,L1F0B0S2.xml
459970,L,Oxford,Img,MS,HEB,d,20,11,L1F0B0S2.xml
459974,L,Oxford,Img,MS,HEB,d,20,2,L1F0B0S2.xml
459977,L,Oxford,Img,MS,HEB,d,20,15,L1F0B0S2.xml
459978,L,Oxford,Img,MS,HEB,d,20,24,L1F0B0S2.xml
459980,L,Oxford,Img,MS,HEB,d,20,6,L1F0B0S2.xml
459982,L,Oxford,Img,MS,HEB,d,20,13,L1F0B0S1.xml
459985,L,Oxford,Img,MS,HEB,d,20,22,L1F0B0S1.xml
459990,L,Oxford,Img,MS,HEB,d,20,19,L1F0B0S2.xml
459993,L,Oxford,Img,MS,HEB,d,20,17,L1F0B0S1.xml
459996,L,Oxford,Img,MS,HEB,d,20,4,L1F0B0S1.xml
459999,L,Oxford,Img,MS,HEB,d,20,12,L1F0B0S1.xml
460001,L,Oxford,Img,MS,HEB,d,20,23,L1F0B0S1.xml
460003,L,Oxford,Img,MS,HEB,d,20,1,L1F0B0S1.xml
460006,L,Oxford,Img,MS,HEB,d,20,18,L1F0B0S2.xml
460009,L,Oxford,Img,MS,HEB,d,20,16,L1F0B0S1.xml
460012,L,Oxford,Img,MS,HEB,d,20,5,L1F0B0S1.xml
460014,L,Oxford,Img,MS,HEB,d,20,9,L1F0B0S1.xml
460015,L,Oxford,Img,MS,HEB,d,20,21,L1F0B0S2.xml
460018,L,Oxford,Img,MS,HEB,d,20,10,L1F0B0S2.xml
460023,L,Oxford,Img,MS,HEB,d,20,3,L1F0B0S2.xml
460025,L,Oxford,Img,MS,HEB,d,20,14,L1F0B0S2.xml
460026,L,Oxford,Img,MS,HEB,d,20,25,L1F0B0S2.xml
460029,L,Oxford,Img,MS,HEB,d,20,7,L1F0B0S2.xml
460032,L,Oxford,Img,MS,HEB,d,20,10,L1F0B0S1.xml
460033,L,Oxford,Img,MS,HEB,d,20,21,L1F0B0S1.xml
460034,L,Oxford,Img,MS,HEB,d,20,9,L1F0B0S2.xml
460038,L,Oxford,Img,MS,HEB,d,20,3,L1F0B0S1.xml
460041,L,Oxford,Img,MS,HEB,d,20,25,L1F0B0S1.xml
460044,L,Oxford,Img,MS,HEB,d,20,14,L1F0B0S1.xml
460047,L,Oxford,Img,MS,HEB,d,20,7,L1F0B0S1.xml
460048,L,Oxford,Img,MS,HEB,d,20,23,L1F0B0S2.xml
460050,L,Oxford,Img,MS,HEB,d,20,12,L1F0B0S2.xml
460052,L,Oxford,Img,MS,HEB,d,20,18,L1F0B0S1.xml
460056,L,Oxford,Img,MS,HEB,d,20,1,L1F0B0S2.xml
460058,L,Oxford,Img,MS,HEB,d,20,16,L1F0B0S2.xml
460061,L,Oxford,Img,MS,HEB,d,20,5,L1F0B0S2.xml
460064,L,Oxford,Img,MS,HEB,d,20,22,L1F0B0S2.xml
460065,L,Oxford,Img,MS,HEB,d,20,13,L1F0B0S2.xml
460069,L,Oxford,Img,MS,HEB,d,20,19,L1F0B0S1.xml
460073,L,Oxford,Img,MS,HEB,d,20,17,L1F0B0S2.xml
460076,L,Oxford,Img,MS,HEB,d,20,4,L1F0B0S2.xml
460080,L,Oxford,Img,MS,HEB,d,20,11,L1F0B0S1.xml
460081,L,Oxford,Img,MS,HEB,d,20,20,L1F0B0S1.xml
460082,L,Oxford,Img,MS,HEB,d,20,8,L1F0B0S2.xml
460085,L,Oxford,Img,MS,HEB,d,20,2,L1F0B0S1.xml
460089,L,Oxford,Img,MS,HEB,d,20,24,L1F0B0S1.xml
460091,L,Oxford,Img,MS,HEB,d,20,15,L1F0B0S1.xml
460094,L,Oxford,Img,MS,HEB,d,20,6,L1F0B0S1.xml
460101,L,Oxford,Img,MS,HEB,d,21,1,L1F0B0S2.xml
460105,L,Oxford,Img,MS,HEB,d,21,2,L1F0B0S1.xml
460109,L,Oxford,Img,MS,HEB,d,21,2,L1F0B0S2.xml
460115,L,Oxford,Img,MS,HEB,d,21,1,L1F0B0S1.xml
460828,L,Oxford,Img,MS,HEB,d,34,94,L1F0B0S1.xml
460848,L,Oxford,Img,MS,HEB,d,34,88,L1F0B0S1.xml
460854,L,Oxford,Img,MS,HEB,d,34,87,L1F0B0S2.xml
460900,L,Oxford,Img,MS,HEB,d,34,93,L1F0B0S2.xml
460927,L,Oxford,Img,MS,HEB,d,34,93,L1F0B0S1.xml
460949,L,Oxford,Img,MS,HEB,d,34,87,L1F0B0S1.xml
460975,L,Oxford,Img,MS,HEB,d,34,94,L1F0B0S2.xml
461001,L,Oxford,Img,MS,HEB,d,34,88,L1F0B0S2.xml
462604,L,Oxford,Img,MS,HEB,d,47,29,L1F0B0S2.xml
462607,L,Oxford,Img,MS,HEB,d,47,18,L1F0B0S2.xml
462608,L,Oxford,Img,MS,HEB,d,47,31,L1F0B0S2.xml
462613,L,Oxford,Img,MS,HEB,d,47,23,L1F0B0S1.xml
462618,L,Oxford,Img,MS,HEB,d,47,27,L1F0B0S1.xml
462619,L,Oxford,Img,MS,HEB,d,47,35,L1F0B0S2.xml
462626,L,Oxford,Img,MS,HEB,d,47,21,L1F0B0S2.xml
462633,L,Oxford,Img,MS,HEB,d,47,14,L1F0B0S2.xml
462635,L,Oxford,Img,MS,HEB,d,47,25,L1F0B0S2.xml
462641,L,Oxford,Img,MS,HEB,d,47,20,L1F0B0S2.xml
462643,L,Oxford,Img,MS,HEB,d,47,32,L1F0B0S1.xml
462650,L,Oxford,Img,MS,HEB,d,47,24,L1F0B0S2.xml
462653,L,Oxford,Img,MS,HEB,d,47,28,L1F0B0S2.xml
462655,L,Oxford,Img,MS,HEB,d,47,19,L1F0B0S2.xml
462657,L,Oxford,Img,MS,HEB,d,47,30,L1F0B0S2.xml
462659,L,Oxford,Img,MS,HEB,d,47,13,L1F0B0S1.xml
462660,L,Oxford,Img,MS,HEB,d,47,22,L1F0B0S1.xml
462666,L,Oxford,Img,MS,HEB,d,47,26,L1F0B0S1.xml
462668,L,Oxford,Img,MS,HEB,d,47,17,L1F0B0S1.xml
462669,L,Oxford,Img,MS,HEB,d,47,19,L1F0B0S1.xml
462673,L,Oxford,Img,MS,HEB,d,47,28,L1F0B0S1.xml
462675,L,Oxford,Img,MS,HEB,d,47,22,L1F0B0S2.xml
462677,L,Oxford,Img,MS,HEB,d,47,30,L1F0B0S1.xml
462679,L,Oxford,Img,MS,HEB,d,47,13,L1F0B0S2.xml
462685,L,Oxford,Img,MS,HEB,d,47,17,L1F0B0S2.xml
462686,L,Oxford,Img,MS,HEB,d,47,26,L1F0B0S2.xml
462692,L,Oxford,Img,MS,HEB,d,47,32,L1F0B0S2.xml
462694,L,Oxford,Img,MS,HEB,d,47,20,L1F0B0S1.xml
462699,L,Oxford,Img,MS,HEB,d,47,24,L1F0B0S1.xml
462709,L,Oxford,Img,MS,HEB,d,47,21,L1F0B0S1.xml
462714,L,Oxford,Img,MS,HEB,d,47,25,L1F0B0S1.xml
462715,L,Oxford,Img,MS,HEB,d,47,14,L1F0B0S1.xml
462718,L,Oxford,Img,MS,HEB,d,47,18,L1F0B0S1.xml
462721,L,Oxford,Img,MS,HEB,d,47,29,L1F0B0S1.xml
462725,L,Oxford,Img,MS,HEB,d,47,23,L1F0B0S2.xml
462726,L,Oxford,Img,MS,HEB,d,47,31,L1F0B0S1.xml
462733,L,Oxford,Img,MS,HEB,d,47,35,L1F0B0S1.xml
462735,L,Oxford,Img,MS,HEB,d,47,27,L1F0B0S2.xml
463314,L,Oxford,Img,MS,HEB,d,54,70,L1F0B0S1.xml
463337,L,Oxford,Img,MS,HEB,d,54,89,L1F0B0S1.xml
463346,L,Oxford,Img,MS,HEB,d,54,91,L1F0B0S1.xml
463362,L,Oxford,Img,MS,HEB,d,54,88,L1F0B0S1.xml
463372,L,Oxford,Img,MS,HEB,d,54,90,L1F0B0S1.xml
463385,L,Oxford,Img,MS,HEB,d,54,71,L1F0B0S1.xml
463411,L,Oxford,Img,MS,HEB,d,54,71,L1F0B0S2.xml
463433,L,Oxford,Img,MS,HEB,d,54,88,L1F0B0S2.xml
463442,L,Oxford,Img,MS,HEB,d,54,90,L1F0B0S2.xml
463455,L,Oxford,Img,MS,HEB,d,54,89,L1F0B0S2.xml
463463,L,Oxford,Img,MS,HEB,d,54,91,L1F0B0S2.xml
463476,L,Oxford,Img,MS,HEB,d,54,70,L1F0B0S2.xml
463900,L,Oxford,Img,MS,HEB,d,58,32,L1F0B0S1.xml
463933,L,Oxford,Img,MS,HEB,d,58,30,L1F0B0S2.xml
463939,L,Oxford,Img,MS,HEB,d,58,28,L1F0B0S2.xml
463958,L,Oxford,Img,MS,HEB,d,58,31,L1F0B0S2.xml
463962,L,Oxford,Img,MS,HEB,d,58,29,L1F0B0S2.xml
464028,L,Oxford,Img,MS,HEB,d,58,31,L1F0B0S1.xml
464033,L,Oxford,Img,MS,HEB,d,58,29,L1F0B0S1.xml
464051,L,Oxford,Img,MS,HEB,d,58,30,L1F0B0S1.xml
464056,L,Oxford,Img,MS,HEB,d,58,28,L1F0B0S1.xml
464075,L,Oxford,Img,MS,HEB,d,58,32,L1F0B0S2.xml
464348,L,Oxford,Img,MS,HEB,d,61,87,L1F0B0S2.xml
464372,L,Oxford,Img,MS,HEB,d,61,85,L1F0B0S1.xml
464432,L,Oxford,Img,MS,HEB,d,61,86,L1F0B0S2.xml
464455,L,Oxford,Img,MS,HEB,d,61,86,L1F0B0S1.xml
464515,L,Oxford,Img,MS,HEB,d,61,85,L1F0B0S2.xml
464539,L,Oxford,Img,MS,HEB,d,61,87,L1F0B0S1.xml
464555,L,Oxford,Img,MS,HEB,d,62,37,L1F0B0S2.xml
464559,L,Oxford,Img,MS,HEB,d,62,39,L1F0B0S1.xml
464560,L,Oxford,Img,MS,HEB,d,62,72,L1F0B0S1.xml
464562,L,Oxford,Img,MS,HEB,d,62,51,L1F0B0S2.xml
464575,L,Oxford,Img,MS,HEB,d,62,33,L1F0B0S2.xml
464579,L,Oxford,Img,MS,HEB,d,62,74,L1F0B0S2.xml
464587,L,Oxford,Img,MS,HEB,d,62,35,L1F0B0S1.xml
464601,L,Oxford,Img,MS,HEB,d,62,70,L1F0B0S2.xml
464607,L,Oxford,Img,MS,HEB,d,62,68,L1F0B0S2.xml
464611,L,Oxford,Img,MS,HEB,d,62,75,L1F0B0S2.xml
464619,L,Oxford,Img,MS,HEB,d,62,34,L1F0B0S1.xml
464624,L,Oxford,Img,MS,HEB,d,62,40,L1F0B0S2.xml
464628,L,Oxford,Img,MS,HEB,d,62,52,L1F0B0S1.xml
464633,L,Oxford,Img,MS,HEB,d,62,71,L1F0B0S2.xml
464638,L,Oxford,Img,MS,HEB,d,62,69,L1F0B0S2.xml
464645,L,Oxford,Img,MS,HEB,d,62,77,L1F0B0S1.xml
464652,L,Oxford,Img,MS,HEB,d,62,36,L1F0B0S2.xml
464656,L,Oxford,Img,MS,HEB,d,62,73,L1F0B0S1.xml
464657,L,Oxford,Img,MS,HEB,d,62,38,L1F0B0S1.xml
464673,L,Oxford,Img,MS,HEB,d,62,77,L1F0B0S2.xml
464687,L,Oxford,Img,MS,HEB,d,62,36,L1F0B0S1.xml
464693,L,Oxford,Img,MS,HEB,d,62,73,L1F0B0S2.xml
464694,L,Oxford,Img,MS,HEB,d,62,38,L1F0B0S2.xml
464711,L,Oxford,Img,MS,HEB,d,62,75,L1F0B0S1.xml
464712,L,Oxford,Img,MS,HEB,d,62,34,L1F0B0S2.xml
464719,L,Oxford,Img,MS,HEB,d,62,52,L1F0B0S2.xml
464724,L,Oxford,Img,MS,HEB,d,62,71,L1F0B0S1.xml
464726,L,Oxford,Img,MS,HEB,d,62,40,L1F0B0S1.xml
464730,L,Oxford,Img,MS,HEB,d,62,69,L1F0B0S1.xml
464744,L,Oxford,Img,MS,HEB,d,62,74,L1F0B0S1.xml
464745,L,Oxford,Img,MS,HEB,d,62,35,L1F0B0S2.xml
464757,L,Oxford,Img,MS,HEB,d,62,70,L1F0B0S1.xml
464764,L,Oxford,Img,MS,HEB,d,62,68,L1F0B0S1.xml
464784,L,Oxford,Img,MS,HEB,d,62,37,L1F0B0S1.xml
464790,L,Oxford,Img,MS,HEB,d,62,39,L1F0B0S2.xml
464791,L,Oxford,Img,MS,HEB,d,62,72,L1F0B0S2.xml
464793,L,Oxford,Img,MS,HEB,d,62,51,L1F0B0S1.xml
464798,L,Oxford,Img,MS,HEB,d,62,33,L1F0B0S1.xml
464804,L,Oxford,Img,MS,HEB,d,63,20,L1F0B0S1.xml
464817,L,Oxford,Img,MS,HEB,d,63,15,L1F0B0S1.xml
464828,L,Oxford,Img,MS,HEB,d,63,30,L1F0B0S1.xml
464830,L,Oxford,Img,MS,HEB,d,63,13,L1F0B0S2.xml
464837,L,Oxford,Img,MS,HEB,d,63,7,L1F0B0S1.xml
464838,L,Oxford,Img,MS,HEB,d,63,28,L1F0B0S1.xml
464840,L,Oxford,Img,MS,HEB,d,63,19,L1F0B0S1.xml
464844,L,Oxford,Img,MS,HEB,d,63,9,L1F0B0S2.xml
464845,L,Oxford,Img,MS,HEB,d,63,26,L1F0B0S2.xml
464850,L,Oxford,Img,MS,HEB,d,63,17,L1F0B0S2.xml
464858,L,Oxford,Img,MS,HEB,d,63,12,L1F0B0S2.xml
464865,L,Oxford,Img,MS,HEB,d,63,6,L1F0B0S1.xml
464866,L,Oxford,Img,MS,HEB,d,63,29,L1F0B0S1.xml
464870,L,Oxford,Img,MS,HEB,d,63,18,L1F0B0S1.xml
464873,L,Oxford,Img,MS,HEB,d,63,8,L1F0B0S2.xml
464878,L,Oxford,Img,MS,HEB,d,63,16,L1F0B0S2.xml
464889,L,Oxford,Img,MS,HEB,d,63,10,L1F0B0S1.xml
464900,L,Oxford,Img,MS,HEB,d,63,14,L1F0B0S1.xml
464910,L,Oxford,Img,MS,HEB,d,63,10,L1F0B0S2.xml
464928,L,Oxford,Img,MS,HEB,d,63,14,L1F0B0S2.xml
464940,L,Oxford,Img,MS,HEB,d,63,12,L1F0B0S1.xml
464943,L,Oxford,Img,MS,HEB,d,63,18,L1F0B0S2.xml
464948,L,Oxford,Img,MS,HEB,d,63,6,L1F0B0S2.xml
464949,L,Oxford,Img,MS,HEB,d,63,29,L1F0B0S2.xml
464952,L,Oxford,Img,MS,HEB,d,63,16,L1F0B0S1.xml
464954,L,Oxford,Img,MS,HEB,d,63,8,L1F0B0S1.xml
464966,L,Oxford,Img,MS,HEB,d,63,30,L1F0B0S2.xml
464969,L,Oxford,Img,MS,HEB,d,63,13,L1F0B0S1.xml
464970,L,Oxford,Img,MS,HEB,d,63,19,L1F0B0S2.xml
464977,L,Oxford,Img,MS,HEB,d,63,7,L1F0B0S2.xml
464978,L,Oxford,Img,MS,HEB,d,63,28,L1F0B0S2.xml
464981,L,Oxford,Img,MS,HEB,d,63,17,L1F0B0S1.xml
464983,L,Oxford,Img,MS,HEB,d,63,9,L1F0B0S1.xml
464984,L,Oxford,Img,MS,HEB,d,63,26,L1F0B0S1.xml
464998,L,Oxford,Img,MS,HEB,d,63,20,L1F0B0S2.xml
465010,L,Oxford,Img,MS,HEB,d,63,15,L1F0B0S2.xml
465078,L,Oxford,Img,MS,HEB,d,64,83,L1F0B0S2.xml
465092,L,Oxford,Img,MS,HEB,d,64,88,L1F0B0S1.xml
465188,L,Oxford,Img,MS,HEB,d,64,88,L1F0B0S2.xml
465221,L,Oxford,Img,MS,HEB,d,64,83,L1F0B0S1.xml
465403,L,Oxford,Img,MS,HEB,d,66,112,L1F0B0S1.xml
465575,L,Oxford,Img,MS,HEB,d,66,112,L1F0B0S2.xml
466316,L,Oxford,Img,MS,HEB,d,76,29,L1F0B0S1.xml
466339,L,Oxford,Img,MS,HEB,d,76,33,L1F0B0S2.xml
466354,L,Oxford,Img,MS,HEB,d,76,32,L1F0B0S2.xml
466360,L,Oxford,Img,MS,HEB,d,76,26,L1F0B0S2.xml
466379,L,Oxford,Img,MS,HEB,d,76,26,L1F0B0S1.xml
466400,L,Oxford,Img,MS,HEB,d,76,32,L1F0B0S1.xml
466416,L,Oxford,Img,MS,HEB,d,76,33,L1F0B0S1.xml
466431,L,Oxford,Img,MS,HEB,d,76,29,L1F0B0S2.xml
466637,L,Oxford,Img,MS,HEB,d,80,40,L1F0B0S1.xml
466662,L,Oxford,Img,MS,HEB,d,80,39,L1F0B0S2.xml
466694,L,Oxford,Img,MS,HEB,d,80,39,L1F0B0S1.xml
466718,L,Oxford,Img,MS,HEB,d,80,40,L1F0B0S2.xml
466851,L,Oxford,Img,MS,HEB,e,100,4,L1F0B0S2.xml
466866,L,Oxford,Img,MS,HEB,e,100,5,L1F0B0S2.xml
466909,L,Oxford,Img,MS,HEB,e,100,5,L1F0B0S1.xml
466921,L,Oxford,Img,MS,HEB,e,100,4,L1F0B0S1.xml
467051,L,Oxford,Img,MS,HEB,e,103,15,L1F0B0S1.xml
467059,L,Oxford,Img,MS,HEB,e,103,20,L1F0B0S1.xml
467064,L,Oxford,Img,MS,HEB,e,103,17,L1F0B0S2.xml
467068,L,Oxford,Img,MS,HEB,e,103,19,L1F0B0S1.xml
467082,L,Oxford,Img,MS,HEB,e,103,16,L1F0B0S2.xml
467087,L,Oxford,Img,MS,HEB,e,103,18,L1F0B0S1.xml
467103,L,Oxford,Img,MS,HEB,e,103,14,L1F0B0S1.xml
467119,L,Oxford,Img,MS,HEB,e,103,14,L1F0B0S2.xml
467135,L,Oxford,Img,MS,HEB,e,103,16,L1F0B0S1.xml
467142,L,Oxford,Img,MS,HEB,e,103,18,L1F0B0S2.xml
467152,L,Oxford,Img,MS,HEB,e,103,17,L1F0B0S1.xml
467158,L,Oxford,Img,MS,HEB,e,103,19,L1F0B0S2.xml
467171,L,Oxford,Img,MS,HEB,e,103,15,L1F0B0S2.xml
467178,L,Oxford,Img,MS,HEB,e,103,20,L1F0B0S2.xml
467579,L,Oxford,Img,MS,HEB,e,108,40,L1F0B0S2.xml
467672,L,Oxford,Img,MS,HEB,e,108,40,L1F0B0S1.xml
470401,L,Oxford,Img,MS,HEB,e,44,25,L1F0B0S2.xml
470433,L,Oxford,Img,MS,HEB,e,44,27,L1F0B0S1.xml
470450,L,Oxford,Img,MS,HEB,e,44,31,L1F0B0S2.xml
470454,L,Oxford,Img,MS,HEB,e,44,29,L1F0B0S2.xml
470468,L,Oxford,Img,MS,HEB,e,44,26,L1F0B0S1.xml
470485,L,Oxford,Img,MS,HEB,e,44,30,L1F0B0S2.xml
470491,L,Oxford,Img,MS,HEB,e,44,28,L1F0B0S2.xml
470522,L,Oxford,Img,MS,HEB,e,44,32,L1F0B0S1.xml
470554,L,Oxford,Img,MS,HEB,e,44,32,L1F0B0S2.xml
470577,L,Oxford,Img,MS,HEB,e,44,26,L1F0B0S2.xml
470593,L,Oxford,Img,MS,HEB,e,44,30,L1F0B0S1.xml
470603,L,Oxford,Img,MS,HEB,e,44,28,L1F0B0S1.xml
470613,L,Oxford,Img,MS,HEB,e,44,27,L1F0B0S2.xml
470628,L,Oxford,Img,MS,HEB,e,44,31,L1F0B0S1.xml
470636,L,Oxford,Img,MS,HEB,e,44,29,L1F0B0S1.xml
470641,L,Oxford,Img,MS,HEB,e,44,25,L1F0B0S1.xml
472573,L,Oxford,Img,MS,HEB,e,73,77,L1F0B0S2.xml
472589,L,Oxford,Img,MS,HEB,e,73,79,L1F0B0S1.xml
472660,L,Oxford,Img,MS,HEB,e,73,78,L1F0B0S1.xml
472687,L,Oxford,Img,MS,HEB,e,73,78,L1F0B0S2.xml
472744,L,Oxford,Img,MS,HEB,e,73,77,L1F0B0S1.xml
472761,L,Oxford,Img,MS,HEB,e,73,79,L1F0B0S2.xml
472766,L,Oxford,Img,MS,HEB,e,74,101,L1F0B0S1.xml
472787,L,Oxford,Img,MS,HEB,e,74,99,L1F0B0S1.xml
472820,L,Oxford,Img,MS,HEB,e,74,124,L1F0B0S1.xml
472840,L,Oxford,Img,MS,HEB,e,74,102,L1F0B0S2.xml
472872,L,Oxford,Img,MS,HEB,e,74,100,L1F0B0S1.xml
472912,L,Oxford,Img,MS,HEB,e,74,100,L1F0B0S2.xml
472940,L,Oxford,Img,MS,HEB,e,74,102,L1F0B0S1.xml
473001,L,Oxford,Img,MS,HEB,e,74,124,L1F0B0S2.xml
473016,L,Oxford,Img,MS,HEB,e,74,101,L1F0B0S2.xml
473029,L,Oxford,Img,MS,HEB,e,74,99,L1F0B0S2.xml
473085,L,Oxford,Img,MS,HEB,e,75,39,L1F0B0S2.xml
473133,L,Oxford,Img,MS,HEB,e,75,39,L1F0B0S1.xml
473186,L,Oxford,Img,MS,HEB,e,76,101,L1F0B0S1.xml
473279,L,Oxford,Img,MS,HEB,e,76,100,L1F0B0S1.xml
473305,L,Oxford,Img,MS,HEB,e,76,100,L1F0B0S2.xml
473399,L,Oxford,Img,MS,HEB,e,76,101,L1F0B0S2.xml
473418,L,Oxford,Img,MS,HEB,e,77,51,L1F0B0S2.xml
473422,L,Oxford,Img,MS,HEB,e,77,49,L1F0B0S2.xml
473439,L,Oxford,Img,MS,HEB,e,77,59,L1F0B0S2.xml
473444,L,Oxford,Img,MS,HEB,e,77,57,L1F0B0S1.xml
473448,L,Oxford,Img,MS,HEB,e,77,52,L1F0B0S1.xml
473458,L,Oxford,Img,MS,HEB,e,77,58,L1F0B0S2.xml
473466,L,Oxford,Img,MS,HEB,e,77,61,L1F0B0S2.xml
473470,L,Oxford,Img,MS,HEB,e,77,50,L1F0B0S2.xml
473484,L,Oxford,Img,MS,HEB,e,77,50,L1F0B0S1.xml
473485,L,Oxford,Img,MS,HEB,e,77,61,L1F0B0S1.xml
473504,L,Oxford,Img,MS,HEB,e,77,52,L1F0B0S2.xml
473508,L,Oxford,Img,MS,HEB,e,77,58,L1F0B0S1.xml
473524,L,Oxford,Img,MS,HEB,e,77,59,L1F0B0S1.xml
473528,L,Oxford,Img,MS,HEB,e,77,57,L1F0B0S2.xml
473536,L,Oxford,Img,MS,HEB,e,77,51,L1F0B0S1.xml
473541,L,Oxford,Img,MS,HEB,e,77,49,L1F0B0S1.xml
473767,L,Oxford,Img,MS,HEB,e,93,59,L1F0B0S1.xml
473847,L,Oxford,Img,MS,HEB,e,93,59,L1F0B0S2.xml
474776,L,Oxford,Img,MS,HEB,f,102,10,L1F0B0S1.xml
474816,L,Oxford,Img,MS,HEB,f,102,11,L1F0B0S1.xml
474826,L,Oxford,Img,MS,HEB,f,102,11,L1F0B0S2.xml
474866,L,Oxford,Img,MS,HEB,f,102,10,L1F0B0S2.xml
474875,L,Oxford,Img,MS,HEB,f,103,9,L1F0B0S2.xml
474960,L,Oxford,Img,MS,HEB,f,103,9,L1F0B0S1.xml
475438,L,Oxford,Img,MS,HEB,f,107,49,L1F0B0S2.xml
475477,L,Oxford,Img,MS,HEB,f,107,49,L1F0B0S1.xml
475567,L,Oxford,Img,MS,HEB,f,108,40,L1F0B0S1.xml
475585,L,Oxford,Img,MS,HEB,f,108,40,L1F0B0S2.xml
475805,L,Oxford,Img,MS,HEB,f,18,45,L1F0B0S2.xml
475813,L,Oxford,Img,MS,HEB,f,18,41,L1F0B0S2.xml
475816,L,Oxford,Img,MS,HEB,f,18,37,L1F0B0S2.xml
475820,L,Oxford,Img,MS,HEB,f,18,47,L1F0B0S1.xml
475825,L,Oxford,Img,MS,HEB,f,18,49,L1F0B0S2.xml
475829,L,Oxford,Img,MS,HEB,f,18,39,L1F0B0S1.xml
475830,L,Oxford,Img,MS,HEB,f,18,43,L1F0B0S1.xml
475835,L,Oxford,Img,MS,HEB,f,18,46,L1F0B0S1.xml
475840,L,Oxford,Img,MS,HEB,f,18,48,L1F0B0S2.xml
475843,L,Oxford,Img,MS,HEB,f,18,50,L1F0B0S2.xml
475844,L,Oxford,Img,MS,HEB,f,18,38,L1F0B0S1.xml
475845,L,Oxford,Img,MS,HEB,f,18,42,L1F0B0S1.xml
475854,L,Oxford,Img,MS,HEB,f,18,44,L1F0B0S2.xml
475862,L,Oxford,Img,MS,HEB,f,18,40,L1F0B0S2.xml
475871,L,Oxford,Img,MS,HEB,f,18,44,L1F0B0S1.xml
475882,L,Oxford,Img,MS,HEB,f,18,40,L1F0B0S1.xml
475887,L,Oxford,Img,MS,HEB,f,18,46,L1F0B0S2.xml
475893,L,Oxford,Img,MS,HEB,f,18,48,L1F0B0S1.xml
475894,L,Oxford,Img,MS,HEB,f,18,42,L1F0B0S2.xml
475896,L,Oxford,Img,MS,HEB,f,18,50,L1F0B0S1.xml
475897,L,Oxford,Img,MS,HEB,f,18,38,L1F0B0S2.xml
475900,L,Oxford,Img,MS,HEB,f,18,37,L1F0B0S1.xml
475903,L,Oxford,Img,MS,HEB,f,18,47,L1F0B0S2.xml
475909,L,Oxford,Img,MS,HEB,f,18,49,L1F0B0S1.xml
475910,L,Oxford,Img,MS,HEB,f,18,43,L1F0B0S2.xml
475913,L,Oxford,Img,MS,HEB,f,18,39,L1F0B0S2.xml
475920,L,Oxford,Img,MS,HEB,f,18,45,L1F0B0S1.xml
475931,L,Oxford,Img,MS,HEB,f,18,41,L1F0B0S1.xml
475942,L,Oxford,Img,MS,HEB,f,20,87,L1F0B0S1.xml
475943,L,Oxford,Img,MS,HEB,f,20,25,L1F0B0S1.xml
475944,L,Oxford,Img,MS,HEB,f,20,95,L1F0B0S2.xml
475945,L,Oxford,Img,MS,HEB,f,20,14,L1F0B0S1.xml
475946,L,Oxford,Img,MS,HEB,f,20,109,L1F0B0S1.xml
475947,L,Oxford,Img,MS,HEB,f,20,4,L1F0B0S1.xml
475948,L,Oxford,Img,MS,HEB,f,20,37,L1F0B0S2.xml
475949,L,Oxford,Img,MS,HEB,f,20,76,L1F0B0S1.xml
475950,L,Oxford,Img,MS,HEB,f,20,55,L1F0B0S2.xml
475951,L,Oxford,Img,MS,HEB,f,20,103,L1F0B0S2.xml
475952,L,Oxford,Img,MS,HEB,f,20,64,L1F0B0S2.xml
475953,L,Oxford,Img,MS,HEB,f,20,111,L1F0B0S1.xml
475954,L,Oxford,Img,MS,HEB,f,20,47,L1F0B0S1.xml
475955,L,Oxford,Img,MS,HEB,f,20,10,L1F0B0S1.xml
475956,L,Oxford,Img,MS,HEB,f,20,91,L1F0B0S2.xml
475957,L,Oxford,Img,MS,HEB,f,20,78,L1F0B0S2.xml
475958,L,Oxford,Img,MS,HEB,f,20,33,L1F0B0S2.xml
475959,L,Oxford,Img,MS,HEB,f,20,83,L1F0B0S1.xml
475960,L,Oxford,Img,MS,HEB,f,20,49,L1F0B0S2.xml
475961,L,Oxford,Img,MS,HEB,f,20,21,L1F0B0S1.xml
475962,L,Oxford,Img,MS,HEB,f,20,60,L1F0B0S2.xml
475963,L,Oxford,Img,MS,HEB,f,20,115,L1F0B0S1.xml
475964,L,Oxford,Img,MS,HEB,f,20,43,L1F0B0S1.xml
475965,L,Oxford,Img,MS,HEB,f,20,89,L1F0B0S2.xml
475966,L,Oxford,Img,MS,HEB,f,20,39,L1F0B0S1.xml
475967,L,Oxford,Img,MS,HEB,f,20,72,L1F0B0S1.xml
475968,L,Oxford,Img,MS,HEB,f,20,51,L1F0B0S2.xml
475969,L,Oxford,Img,MS,HEB,f,20,107,L1F0B0S2.xml
475970,L,Oxford,Img,MS,HEB,f,20,35,L1F0B0S1.xml
475971,L,Oxford,Img,MS,HEB,f,20,6,L1F0B0S2.xml
475972,L,Oxford,Img,MS,HEB,f,20,16,L1F0B0S2.xml
475973,L,Oxford,Img,MS,HEB,f,20,97,L1F0B0S1.xml
475974,L,Oxford,Img,MS,HEB,f,20,27,L1F0B0S2.xml
475975,L,Oxford,Img,MS,HEB,f,20,85,L1F0B0S2.xml
475976,L,Oxford,Img,MS,HEB,f,20,45,L1F0B0S2.xml
475977,L,Oxford,Img,MS,HEB,f,20,113,L1F0B0S2.xml
475978,L,Oxford,Img,MS,HEB,f,20,66,L1F0B0S1.xml
475979,L,Oxford,Img,MS,HEB,f,20,101,L1F0B0S1.xml
475980,L,Oxford,Img,MS,HEB,f,20,57,L1F0B0S1.xml
475981,L,Oxford,Img,MS,HEB,f,20,74,L1F0B0S2.xml
475982,L,Oxford,Img,MS,HEB,f,20,23,L1F0B0S2.xml
475983,L,Oxford,Img,MS,HEB,f,20,68,L1F0B0S2.xml
475984,L,Oxford,Img,MS,HEB,f,20,81,L1F0B0S2.xml
475985,L,Oxford,Img,MS,HEB,f,20,31,L1F0B0S1.xml
475986,L,Oxford,Img,MS,HEB,f,20,2,L1F0B0S2.xml
475987,L,Oxford,Img,MS,HEB,f,20,59,L1F0B0S2.xml
475988,L,Oxford,Img,MS,HEB,f,20,93,L1F0B0S1.xml
475989,L,Oxford,Img,MS,HEB,f,20,12,L1F0B0S2.xml
475990,L,Oxford,Img,MS,HEB,f,20,105,L1F0B0S1.xml
475991,L,Oxford,Img,MS,HEB,f,20,18,L1F0B0S1.xml
475992,L,Oxford,Img,MS,HEB,f,20,99,L1F0B0S2.xml
475993,L,Oxford,Img,MS,HEB,f,20,53,L1F0B0S1.xml
475994,L,Oxford,Img,MS,HEB,f,20,70,L1F0B0S2.xml
475995,L,Oxford,Img,MS,HEB,f,20,8,L1F0B0S1.xml
475996,L,Oxford,Img,MS,HEB,f,20,41,L1F0B0S2.xml
475997,L,Oxford,Img,MS,HEB,f,20,62,L1F0B0S1.xml
475998,L,Oxford,Img,MS,HEB,f,20,29,L1F0B0S1.xml
475999,L,Oxford,Img,MS,HEB,f,20,7,L1F0B0S2.xml
476000,L,Oxford,Img,MS,HEB,f,20,34,L1F0B0S1.xml
476001,L,Oxford,Img,MS,HEB,f,20,17,L1F0B0S2.xml
476002,L,Oxford,Img,MS,HEB,f,20,96,L1F0B0S1.xml
476003,L,Oxford,Img,MS,HEB,f,20,26,L1F0B0S2.xml
476004,L,Oxford,Img,MS,HEB,f,20,84,L1F0B0S2.xml
476005,L,Oxford,Img,MS,HEB,f,20,112,L1F0B0S2.xml
476006,L,Oxford,Img,MS,HEB,f,20,44,L1F0B0S2.xml
476007,L,Oxford,Img,MS,HEB,f,20,67,L1F0B0S1.xml
476008,L,Oxford,Img,MS,HEB,f,20,56,L1F0B0S1.xml
476009,L,Oxford,Img,MS,HEB,f,20,100,L1F0B0S1.xml
476010,L,Oxford,Img,MS,HEB,f,20,75,L1F0B0S2.xml
476011,L,Oxford,Img,MS,HEB,f,20,69,L1F0B0S2.xml
476012,L,Oxford,Img,MS,HEB,f,20,22,L1F0B0S2.xml
476013,L,Oxford,Img,MS,HEB,f,20,80,L1F0B0S2.xml
476014,L,Oxford,Img,MS,HEB,f,20,3,L1F0B0S2.xml
476015,L,Oxford,Img,MS,HEB,f,20,30,L1F0B0S1.xml
476016,L,Oxford,Img,MS,HEB,f,20,92,L1F0B0S1.xml
476017,L,Oxford,Img,MS,HEB,f,20,13,L1F0B0S2.xml
476018,L,Oxford,Img,MS,HEB,f,20,58,L1F0B0S2.xml
476019,L,Oxford,Img,MS,HEB,f,20,52,L1F0B0S1.xml
476020,L,Oxford,Img,MS,HEB,f,20,19,L1F0B0S1.xml
476021,L,Oxford,Img,MS,HEB,f,20,98,L1F0B0S2.xml
476022,L,Oxford,Img,MS,HEB,f,20,104,L1F0B0S1.xml
476023,L,Oxford,Img,MS,HEB,f,20,9,L1F0B0S1.xml
476024,L,Oxford,Img,MS,HEB,f,20,71,L1F0B0S2.xml
476025,L,Oxford,Img,MS,HEB,f,20,116,L1F0B0S2.xml
476026,L,Oxford,Img,MS,HEB,f,20,40,L1F0B0S2.xml
476027,L,Oxford,Img,MS,HEB,f,20,28,L1F0B0S1.xml
476028,L,Oxford,Img,MS,HEB,f,20,63,L1F0B0S1.xml
476029,L,Oxford,Img,MS,HEB,f,20,86,L1F0B0S1.xml
476030,L,Oxford,Img,MS,HEB,f,20,24,L1F0B0S1.xml
476031,L,Oxford,Img,MS,HEB,f,20,108,L1F0B0S1.xml
476032,L,Oxford,Img,MS,HEB,f,20,94,L1F0B0S2.xml
476033,L,Oxford,Img,MS,HEB,f,20,15,L1F0B0S1.xml
476034,L,Oxford,Img,MS,HEB,f,20,36,L1F0B0S2.xml
476035,L,Oxford,Img,MS,HEB,f,20,5,L1F0B0S1.xml
476036,L,Oxford,Img,MS,HEB,f,20,77,L1F0B0S1.xml
476037,L,Oxford,Img,MS,HEB,f,20,102,L1F0B0S2.xml
476038,L,Oxford,Img,MS,HEB,f,20,54,L1F0B0S2.xml
476039,L,Oxford,Img,MS,HEB,f,20,65,L1F0B0S2.xml
476040,L,Oxford,Img,MS,HEB,f,20,46,L1F0B0S1.xml
476041,L,Oxford,Img,MS,HEB,f,20,110,L1F0B0S1.xml
476042,L,Oxford,Img,MS,HEB,f,20,11,L1F0B0S1.xml
476043,L,Oxford,Img,MS,HEB,f,20,90,L1F0B0S2.xml
476044,L,Oxford,Img,MS,HEB,f,20,32,L1F0B0S2.xml
476045,L,Oxford,Img,MS,HEB,f,20,79,L1F0B0S2.xml
476046,L,Oxford,Img,MS,HEB,f,20,1,L1F0B0S1.xml
476047,L,Oxford,Img,MS,HEB,f,20,48,L1F0B0S2.xml
476048,L,Oxford,Img,MS,HEB,f,20,82,L1F0B0S1.xml
476049,L,Oxford,Img,MS,HEB,f,20,20,L1F0B0S1.xml
476050,L,Oxford,Img,MS,HEB,f,20,61,L1F0B0S2.xml
476051,L,Oxford,Img,MS,HEB,f,20,88,L1F0B0S2.xml
476052,L,Oxford,Img,MS,HEB,f,20,42,L1F0B0S1.xml
476053,L,Oxford,Img,MS,HEB,f,20,114,L1F0B0S1.xml
476054,L,Oxford,Img,MS,HEB,f,20,73,L1F0B0S1.xml
476055,L,Oxford,Img,MS,HEB,f,20,38,L1F0B0S1.xml
476056,L,Oxford,Img,MS,HEB,f,20,106,L1F0B0S2.xml
476057,L,Oxford,Img,MS,HEB,f,20,50,L1F0B0S2.xml
476058,L,Oxford,Img,MS,HEB,f,20,108,L1F0B0S2.xml
476059,L,Oxford,Img,MS,HEB,f,20,15,L1F0B0S2.xml
476060,L,Oxford,Img,MS,HEB,f,20,94,L1F0B0S1.xml
476061,L,Oxford,Img,MS,HEB,f,20,36,L1F0B0S1.xml
476062,L,Oxford,Img,MS,HEB,f,20,5,L1F0B0S2.xml
476063,L,Oxford,Img,MS,HEB,f,20,86,L1F0B0S2.xml
476064,L,Oxford,Img,MS,HEB,f,20,24,L1F0B0S2.xml
476065,L,Oxford,Img,MS,HEB,f,20,65,L1F0B0S1.xml
476066,L,Oxford,Img,MS,HEB,f,20,46,L1F0B0S2.xml
476067,L,Oxford,Img,MS,HEB,f,20,110,L1F0B0S2.xml
476068,L,Oxford,Img,MS,HEB,f,20,77,L1F0B0S2.xml
476069,L,Oxford,Img,MS,HEB,f,20,102,L1F0B0S1.xml
476070,L,Oxford,Img,MS,HEB,f,20,54,L1F0B0S1.xml
476071,L,Oxford,Img,MS,HEB,f,20,48,L1F0B0S1.xml
476072,L,Oxford,Img,MS,HEB,f,20,82,L1F0B0S2.xml
476073,L,Oxford,Img,MS,HEB,f,20,20,L1F0B0S2.xml
476074,L,Oxford,Img,MS,HEB,f,20,90,L1F0B0S1.xml
476075,L,Oxford,Img,MS,HEB,f,20,11,L1F0B0S2.xml
476076,L,Oxford,Img,MS,HEB,f,20,32,L1F0B0S1.xml
476077,L,Oxford,Img,MS,HEB,f,20,79,L1F0B0S1.xml
476078,L,Oxford,Img,MS,HEB,f,20,1,L1F0B0S2.xml
476079,L,Oxford,Img,MS,HEB,f,20,73,L1F0B0S2.xml
476080,L,Oxford,Img,MS,HEB,f,20,38,L1F0B0S2.xml
476081,L,Oxford,Img,MS,HEB,f,20,106,L1F0B0S1.xml
476082,L,Oxford,Img,MS,HEB,f,20,50,L1F0B0S1.xml
476083,L,Oxford,Img,MS,HEB,f,20,61,L1F0B0S1.xml
476084,L,Oxford,Img,MS,HEB,f,20,88,L1F0B0S1.xml
476085,L,Oxford,Img,MS,HEB,f,20,42,L1F0B0S2.xml
476086,L,Oxford,Img,MS,HEB,f,20,114,L1F0B0S2.xml
476087,L,Oxford,Img,MS,HEB,f,20,26,L1F0B0S1.xml
476088,L,Oxford,Img,MS,HEB,f,20,84,L1F0B0S1.xml
476089,L,Oxford,Img,MS,HEB,f,20,7,L1F0B0S1.xml
476090,L,Oxford,Img,MS,HEB,f,20,34,L1F0B0S2.xml
476091,L,Oxford,Img,MS,HEB,f,20,96,L1F0B0S2.xml
476092,L,Oxford,Img,MS,HEB,f,20,17,L1F0B0S1.xml
476093,L,Oxford,Img,MS,HEB,f,20,56,L1F0B0S2.xml
476094,L,Oxford,Img,MS,HEB,f,20,100,L1F0B0S2.xml
476095,L,Oxford,Img,MS,HEB,f,20,75,L1F0B0S1.xml
476096,L,Oxford,Img,MS,HEB,f,20,112,L1F0B0S1.xml
476097,L,Oxford,Img,MS,HEB,f,20,44,L1F0B0S1.xml
476098,L,Oxford,Img,MS,HEB,f,20,67,L1F0B0S2.xml
476099,L,Oxford,Img,MS,HEB,f,20,3,L1F0B0S1.xml
476100,L,Oxford,Img,MS,HEB,f,20,30,L1F0B0S2.xml
476101,L,Oxford,Img,MS,HEB,f,20,13,L1F0B0S1.xml
476102,L,Oxford,Img,MS,HEB,f,20,92,L1F0B0S2.xml
476103,L,Oxford,Img,MS,HEB,f,20,58,L1F0B0S1.xml
476104,L,Oxford,Img,MS,HEB,f,20,69,L1F0B0S1.xml
476105,L,Oxford,Img,MS,HEB,f,20,22,L1F0B0S1.xml
476106,L,Oxford,Img,MS,HEB,f,20,80,L1F0B0S1.xml
476107,L,Oxford,Img,MS,HEB,f,20,116,L1F0B0S1.xml
476108,L,Oxford,Img,MS,HEB,f,20,40,L1F0B0S1.xml
476109,L,Oxford,Img,MS,HEB,f,20,28,L1F0B0S2.xml
476110,L,Oxford,Img,MS,HEB,f,20,63,L1F0B0S2.xml
476111,L,Oxford,Img,MS,HEB,f,20,52,L1F0B0S2.xml
476112,L,Oxford,Img,MS,HEB,f,20,98,L1F0B0S1.xml
476113,L,Oxford,Img,MS,HEB,f,20,19,L1F0B0S2.xml
476114,L,Oxford,Img,MS,HEB,f,20,104,L1F0B0S2.xml
476115,L,Oxford,Img,MS,HEB,f,20,9,L1F0B0S2.xml
476116,L,Oxford,Img,MS,HEB,f,20,71,L1F0B0S1.xml
476117,L,Oxford,Img,MS,HEB,f,20,27,L1F0B0S1.xml
476118,L,Oxford,Img,MS,HEB,f,20,85,L1F0B0S1.xml
476119,L,Oxford,Img,MS,HEB,f,20,35,L1F0B0S2.xml
476120,L,Oxford,Img,MS,HEB,f,20,6,L1F0B0S1.xml
476121,L,Oxford,Img,MS,HEB,f,20,97,L1F0B0S2.xml
476122,L,Oxford,Img,MS,HEB,f,20,16,L1F0B0S1.xml
476123,L,Oxford,Img,MS,HEB,f,20,101,L1F0B0S2.xml
476124,L,Oxford,Img,MS,HEB,f,20,57,L1F0B0S2.xml
476125,L,Oxford,Img,MS,HEB,f,20,74,L1F0B0S1.xml
476126,L,Oxford,Img,MS,HEB,f,20,45,L1F0B0S1.xml
476127,L,Oxford,Img,MS,HEB,f,20,113,L1F0B0S1.xml
476128,L,Oxford,Img,MS,HEB,f,20,66,L1F0B0S2.xml
476129,L,Oxford,Img,MS,HEB,f,20,31,L1F0B0S2.xml
476130,L,Oxford,Img,MS,HEB,f,20,2,L1F0B0S1.xml
476131,L,Oxford,Img,MS,HEB,f,20,59,L1F0B0S1.xml
476132,L,Oxford,Img,MS,HEB,f,20,12,L1F0B0S1.xml
476133,L,Oxford,Img,MS,HEB,f,20,93,L1F0B0S2.xml
476134,L,Oxford,Img,MS,HEB,f,20,23,L1F0B0S1.xml
476135,L,Oxford,Img,MS,HEB,f,20,68,L1F0B0S1.xml
476136,L,Oxford,Img,MS,HEB,f,20,81,L1F0B0S1.xml
476137,L,Oxford,Img,MS,HEB,f,20,41,L1F0B0S1.xml
476138,L,Oxford,Img,MS,HEB,f,20,62,L1F0B0S2.xml
476139,L,Oxford,Img,MS,HEB,f,20,29,L1F0B0S2.xml
476140,L,Oxford,Img,MS,HEB,f,20,105,L1F0B0S2.xml
476141,L,Oxford,Img,MS,HEB,f,20,99,L1F0B0S1.xml
476142,L,Oxford,Img,MS,HEB,f,20,18,L1F0B0S2.xml
476143,L,Oxford,Img,MS,HEB,f,20,53,L1F0B0S2.xml
476144,L,Oxford,Img,MS,HEB,f,20,70,L1F0B0S1.xml
476145,L,Oxford,Img,MS,HEB,f,20,8,L1F0B0S2.xml
476146,L,Oxford,Img,MS,HEB,f,20,14,L1F0B0S2.xml
476147,L,Oxford,Img,MS,HEB,f,20,95,L1F0B0S1.xml
476148,L,Oxford,Img,MS,HEB,f,20,109,L1F0B0S2.xml
476149,L,Oxford,Img,MS,HEB,f,20,4,L1F0B0S2.xml
476150,L,Oxford,Img,MS,HEB,f,20,37,L1F0B0S1.xml
476151,L,Oxford,Img,MS,HEB,f,20,87,L1F0B0S2.xml
476152,L,Oxford,Img,MS,HEB,f,20,25,L1F0B0S2.xml
476153,L,Oxford,Img,MS,HEB,f,20,64,L1F0B0S1.xml
476154,L,Oxford,Img,MS,HEB,f,20,111,L1F0B0S2.xml
476155,L,Oxford,Img,MS,HEB,f,20,47,L1F0B0S2.xml
476156,L,Oxford,Img,MS,HEB,f,20,76,L1F0B0S2.xml
476157,L,Oxford,Img,MS,HEB,f,20,55,L1F0B0S1.xml
476158,L,Oxford,Img,MS,HEB,f,20,103,L1F0B0S1.xml
476159,L,Oxford,Img,MS,HEB,f,20,83,L1F0B0S2.xml
476160,L,Oxford,Img,MS,HEB,f,20,49,L1F0B0S1.xml
476161,L,Oxford,Img,MS,HEB,f,20,21,L1F0B0S2.xml
476162,L,Oxford,Img,MS,HEB,f,20,91,L1F0B0S1.xml
476163,L,Oxford,Img,MS,HEB,f,20,10,L1F0B0S2.xml
476164,L,Oxford,Img,MS,HEB,f,20,78,L1F0B0S1.xml
476165,L,Oxford,Img,MS,HEB,f,20,33,L1F0B0S1.xml
476166,L,Oxford,Img,MS,HEB,f,20,39,L1F0B0S2.xml
476167,L,Oxford,Img,MS,HEB,f,20,72,L1F0B0S2.xml
476168,L,Oxford,Img,MS,HEB,f,20,51,L1F0B0S1.xml
476169,L,Oxford,Img,MS,HEB,f,20,107,L1F0B0S1.xml
476170,L,Oxford,Img,MS,HEB,f,20,60,L1F0B0S1.xml
476171,L,Oxford,Img,MS,HEB,f,20,115,L1F0B0S2.xml
476172,L,Oxford,Img,MS,HEB,f,20,43,L1F0B0S2.xml
476173,L,Oxford,Img,MS,HEB,f,20,89,L1F0B0S1.xml
476652,L,Oxford,Img,MS,HEB,f,27,27,L1F0B0S1.xml
476689,L,Oxford,Img,MS,HEB,f,27,26,L1F0B0S1.xml
476705,L,Oxford,Img,MS,HEB,f,27,26,L1F0B0S2.xml
476742,L,Oxford,Img,MS,HEB,f,27,27,L1F0B0S2.xml
479111,L,Oxford,Img,MS,HEB,f,56,79,L1F0B0S1.xml
479146,L,Oxford,Img,MS,HEB,f,56,80,L1F0B0S1.xml
479177,L,Oxford,Img,MS,HEB,f,56,81,L1F0B0S1.xml
479268,L,Oxford,Img,MS,HEB,f,56,81,L1F0B0S2.xml
479299,L,Oxford,Img,MS,HEB,f,56,80,L1F0B0S2.xml
479333,L,Oxford,Img,MS,HEB,f,56,79,L1F0B0S2.xml
479801,L,Oxford,Img,MS,HEB,f,59,74,L1F0B0S1.xml
479870,L,Oxford,Img,MS,HEB,f,59,74,L1F0B0S2.xml
480339,L,Oxford,Img,MS,HEB,g,12,51,L1F0B0S1.xml
480380,L,Oxford,Img,MS,HEB,g,12,50,L1F0B0S1.xml
480396,L,Oxford,Img,MS,HEB,g,12,50,L1F0B0S2.xml
480434,L,Oxford,Img,MS,HEB,g,12,51,L1F0B0S2.xml
480770,L,Oxford,Img,MS,HEB,g,8,34,L1F0B0S2.xml
480780,L,Oxford,Img,MS,HEB,g,8,30,L1F0B0S2.xml
480789,L,Oxford,Img,MS,HEB,g,8,28,L1F0B0S2.xml
480793,L,Oxford,Img,MS,HEB,g,8,36,L1F0B0S1.xml
480798,L,Oxford,Img,MS,HEB,g,8,32,L1F0B0S1.xml
480803,L,Oxford,Img,MS,HEB,g,8,38,L1F0B0S2.xml
480808,L,Oxford,Img,MS,HEB,g,8,37,L1F0B0S1.xml
480813,L,Oxford,Img,MS,HEB,g,8,33,L1F0B0S1.xml
480821,L,Oxford,Img,MS,HEB,g,8,35,L1F0B0S2.xml
480831,L,Oxford,Img,MS,HEB,g,8,31,L1F0B0S2.xml
480839,L,Oxford,Img,MS,HEB,g,8,29,L1F0B0S2.xml
480843,L,Oxford,Img,MS,HEB,g,8,35,L1F0B0S1.xml
480848,L,Oxford,Img,MS,HEB,g,8,31,L1F0B0S1.xml
480856,L,Oxford,Img,MS,HEB,g,8,29,L1F0B0S1.xml
480862,L,Oxford,Img,MS,HEB,g,8,37,L1F0B0S2.xml
480872,L,Oxford,Img,MS,HEB,g,8,33,L1F0B0S2.xml
480878,L,Oxford,Img,MS,HEB,g,8,36,L1F0B0S2.xml
480887,L,Oxford,Img,MS,HEB,g,8,32,L1F0B0S2.xml
480888,L,Oxford,Img,MS,HEB,g,8,38,L1F0B0S1.xml
480894,L,Oxford,Img,MS,HEB,g,8,34,L1F0B0S1.xml
480899,L,Oxford,Img,MS,HEB,g,8,30,L1F0B0S1.xml
480908,L,Oxford,Img,MS,HEB,g,8,28,L1F0B0S1.xml
480912,L,Oxford,Img,MS,SYR,c,15,P,1,L2F0B0S2.xml
480913,L,Oxford,Img,MS,SYR,c,15,P,1,L1F0B0S1.xml
480914,L,Oxford,Img,MS,SYR,c,15,P,1,L1F0B0S2.xml
480915,L,Oxford,Img,MS,SYR,c,15,P,1,L2F0B0S1.xml
480916,L,Oxford,Img,MS,SYR,c,16,P,2,L1F0B0S2.xml
480917,L,Oxford,Img,MS,SYR,c,16,P,1,L1F0B0S1.xml
480918,L,Oxford,Img,MS,SYR,c,16,P,1,L1F0B0S2.xml
480919,L,Oxford,Img,MS,SYR,c,16,P,2,L1F0B0S1.xml
480920,L,Oxford,Img,MS,SYR,c,17,P,L1F0B0S2.xml
480921,L,Oxford,Img,MS,SYR,c,17,P,L1F0B0S1.xml
480922,L,Oxford,Img,MS,SYR,c,17,P,L2F0B0S2.xml
480923,L,Oxford,Img,MS,SYR,c,17,P,L2F0B0S1.xml
480924,L,Oxford,Img,MS,SYR,c,18,P,1,L1F0B0s1.xml
480925,L,Oxford,Img,MS,SYR,c,18,P,1,L1F0B0S2.xml
480926,L,Oxford,Img,MS,SYR,c,18,P,1,L2F0B0S1.xml
480927,L,Oxford,Img,MS,SYR,c,18,P,1,L2F0B0S2.xml
list.txt
